VoterRegistrationDay;MakeAmericaGreatAgain
Debates2016;NationalVoterRegistrationDay
TrumpWon;MAGA
1;TrumpWon
DebateNight;AmericaFirst
DebateNight;MAGA
AmericaFirst;Debates2016
Benghazi;Debates2016
Benghazi;debatenight
Debates2016;debatenight
ISIS;DebateNight
GOPinCLE;GOPConvention
Debates2016;MAGA
TPP;Debates2016
DebateNight;TrumpPence16
Polls;slipping
Polls;Debates2016
slipping;Debates2016
ADA;imwithher
ADA;CripTheVote
imwithher;CripTheVote
AmericaFirst;MakeAmericaGreatAgain
TheDonald;JimmyFallon
TheDonald;TheTonightShow
TheDonald;TrumpPence16
JimmyFallon;TheTonightShow
JimmyFallon;TrumpPence16
TheTonightShow;TrumpPence16
MyTeacherIsWeird;FallonTonight
GOPinCLE;AmericaFirst
sitin;AsLongAsItTakes
sitin;NoBillNoBreak
GOPConvention;AmericaFirst
AmericaFirst;RNCinCLE
AmericaFirst;MAGA
MAGA;AmericaFirst
VoteTrump;ImWithYou
LaborDay;AmericaFirst
GOPConvention;RNCinCLE
campaignfinance;CitizensUnited
ImWithHer;FeelTheBern
CrookedHillary;ImWithYou
Trump2016;ImWithYou
RIP;JuanGabriel
RIP;DivoDeJuarez
JuanGabriel;DivoDeJuarez
TrumpPence2016;NeverHillary
BlackMenForBernie;Hillary2016
BlackMenForBernie;BlacksForTrump
Hillary2016;BlacksForTrump
AmericaFirst;TrumpPence16
brexit;MAGA
Hannity;BuildTheWall
sitin;NoMoreSilence
AsLongAsItTakes;NoBillNoBreak
MAGA;AlwaysTrump
ImWithYou;TrumpTrain
Orlando;StoptheHate
NeverForget;Srebrenica
LawandOrder;ImWithYou
MakeAmericaGreatAgain;USA
ElectionDay;2A
ElectionDay;DefendtheSecond
ElectionDay;NeverHillary
2A;DefendtheSecond
DefendtheSecond;NeverHillary
2A;SCOTUS
2A;NeverHillary
SCOTUS;NeverHillary
MAGA;NeverHillary
taxplan;smallbiz
CrookedHillary;TrumpPence16
TeamUSA;OpeningCeremony
TeamUSA;Rio2016
OpeningCeremony;Rio2016
AsLongAsItTakes;NoMoreSilence
MAGA;TrumpTrain
POTUS;Elkhart
LESM;MAGA
DemConvention;ImWithHer
TrumpMovement;MAGA
POTUS;MakeAmericaGreatAgain
AmericaFirst;LeadRight2016
ImWithYou;MAGA
MAGA;ImWithYou
MakeAmericaGreatAgain;ImWithYou
VoterFraud;MSM
MakeAmericaGreatAgain;LESM
DemConvention;DemsInPhilly
TBT;MAGA
NATO;DemsInPhilly
enough;ImWithHer
LGBT;Pulse
DemsinPhilly;DNCinPHL
StrongerTogether;DemsinPhilly
ImWithHer;DemsInPhilly
DisarmHate;sitin
MAGA;TrumpPence16
TrumpPence16;MAGA
DemsInPhilly;LoveTrumpsHate
ClintonKaine;ImWithHer
RNCinCLE;TrumpIsWithYou
RNCinCLE;MakeAmericaGreatAgain
TrumpIsWithYou;MakeAmericaGreatAgain
NATO;StandTogether
RNCinCLE;TrumpPence2016
DisarmHate;EndGunViolence
sitin;EndGunViolence
ImWithYou;WCS16
ImWithYou;AmericaFirst
AmericaFirst;ImWithYou
CrookedHillary;Trump2016
Trump;Clinton
gunviolence;sitin
gunviolence;AsLongAsItTakes
gunviolence;NoBillNoBreak
gunviolence;NoMoreSilence
NoBillNoBreak;holdthefloor
NoBillNoBreak;NoMoreSilence
holdthefloor;NoMoreSilence
goodtrouble;NoBillNoBreak
GIBill;veterans
OrlandoUnited;Enough
OrlandoUnited;Filibuster
Enough;Filibuster
AmericaFirst;TrumpTrain
RTM2016;Trump2016
AmericaFirst;Trump2016
Trump2016;AmericaFirst
Elkhart;MakeAmericaGreatAgain
VoteTrump2016;TrumpTrain
MakeAmericaGreatAgain;CAPrimary
Women4Ttump;Trump2016
MAGA;TRUMP2016
Teachers4Trump;CA4Trump
Teachers4Trump;NeverDems
Trump2016;MAGA
VoteTrump;MakeAmericaGreatAgain
CA4Trump;NeverDems
ICYMI;Trump2016
MeetTheTrumps;Trump2016
ICYMI;VoteTrumpNY
Trump2016;VoteTrumpNY
EauClaire;WIPrimary
Trump2016;2A
MichaelBrown;MothersoftheMovement
MichaelBrown;ChangeAgents
MothersoftheMovement;ChangeAgents
SecondAmendment;2A
EauClaire;TrumpTrain
iVoted;PrimaryDay
VoteTrump;ORPrimary
WattersWorld;Trump2016
MakeAmericaGreatAgain;VoteTrump
WashingtonDC;Statehood
NYPrimary;TrumpTrain
VoteTrumpNY;MakeAmericaGreatAgain
Trump2016;presidenttrump
Trump2016;primary
presidenttrump;primary
VoteTrump;ArizonaPrimary
WIPrimary;TrumpTrain
VoteTrump;UtahCaucus
VoteTrump;UTCaucus
VoteTrump;AmericanSamoa
ArizonaPrimary;AZPrimary
NebraskaPrimary;Trump2016
NebraskaPrimary;TrumpForPresident
Trump2016;TrumpForPresident
MattSchlapp;jenniferrubin
MattSchlapp;GOP
jenniferrubin;GOP
AZPrimary;ArizonaPrimary
AZPrimary;UtahCaucus
Trump2016;NewYorkValues
VoteTrump;WIPrimary
WIPrimary;Trump2016
NYPrimary;Trump2016
Trump2016;NYPrimary
Trump2016;WIPrimary
AZPrimary;UTCaucus
AZPrimary;AmericanSamoa
INPrimary;VoteTrump
VoteTrump;INPrimary
INPrimary;MakeAmericaGreatAgain
ArizonaPrimary;UtahCaucus
ArizonaPrimary;UTCaucus
WIPrimary;MakeAmericaGreatAgain
INPrimary;Trump2016
Trump2016;INPrimary
ArizonaPrimary;AmericanSamoa
UtahCaucus;UTCaucus
CTPrimary;DEPrimary
CTPrimary;MDPrimary
CTPrimary;PAPrimary
CTPrimary;RIPrimary
DEPrimary;MDPrimary
DEPrimary;PAPrimary
DEPrimary;RIPrimary
MDPrimary;PAPrimary
MDPrimary;RIPrimary
PAPrimary;RIPrimary
PAPrimary;VoteTrump
RIPrimary;VoteTrump
NYPrimary;GOP
NewDay;MakeAmericaGreatAgain
WIPrimary;MAGA
Wisconsin;MakeAmericaGreatAgain
Wisconsin;TrumpTrain
UtahCaucus;AmericanSamoa
UTCaucus;AmericanSamoa
LyingTed;NeverCruz
VoteTrump;AZPrimary
TrumpCountry;Utah
GOPDebate;TrumpTrain
VoteTrumpWI;WIPrimary
Prince;HillaryClinton
TBT;HillaryOnGMA
KenLangone;NeilCavuto
MakeAmericaGreatAgain;Trump2016
Trump2016;MakeAmericaGreatAgain
Trump2016;WesternTuesday
TrumpWaikiki;Mahalo
WesternTuesday;TrumpTrain
UtahCaucus;MakeAmericaGreatAgain
UtahCaucus;Trump2016
UTCaucus;MakeAmericaGreatAgain
NewYorkValues;NYPrimary
NewYorkValues;VoteTrump
NYPrimary;VoteTrump
POTUS;VoteTrumpNY
POTUS;PrimaryDay
Trump2016;PrimaryDay
VoteTrumpNY;PrimaryDay
TrumpCountry;Mormon
UTCaucus;Trump2016
TrumpCountry;UtahPrimary
AZPrimary;MakeAmericaGreatAgain
AZPrimary;Trump2016
UtahPrimary;Utah4Trump
AZ;UT
Racine;Wausau
Racine;EauClaire
Racine;Trump2016
Racine;WIPrimary
Racine;TrumpTrain
Wausau;EauClaire
Wausau;Trump2016
Wausau;WIPrimary
Wausau;TrumpTrain
EauClaire;Trump2016
TrumpCountry;Utah4Trump
ArizonaPrimary;MakeAmericaGreatAgain
ArizonaPrimary;Trump2016
Utah;Mormon
Utah;UtahPrimary
Utah;Utah4Trump
Mormon;UtahPrimary
Mormon;Utah4Trump
POTUS;Trump2016
EndCommonCore;Trump2016
SuperTuesday;VoteTrump
SuperTuesday;MakeAmericaGreatAgain
VoteTrump;Trump2016
Trump2016;TrumpTrain
KansasCaucus;MakeAmericaGreatAgain
Trump2016;VoteTrump
VoteTrump;SuperTuesday
Trump2016;SuperSaturday
KenLangone;Fox
KansasCaucus;Trump2016
TrumpTrain;MakeAmericaGreatAgain
MakeAmericaGreatAgain;trump2016
NeilCavuto;Fox
TrumpTrain;Trump2016
MakeAmericaGreatAgain;TrumpTrain
FITN;Trump2016
Trump2016;FITN
Trump2016;IAPolitics
NewYork;Jonas
NewYork;NewYorkValues
Jonas;NewYorkValues
IACaucus;IAPolitics
SuperTuesday;Trump2016
Trump2016;SuperTuesday
FITN;IAPolitics
FAIL;Politician
NASCAR;Trump2016
NASCAR;VoteTrump
AlwaysTrump;Trump2016
AlwaysTrump;TrumpTrain
StopCommonCore;MakeAmericaGreatAgain
LoneStarState;SuperTuesday
LoneStarState;MakeAmericaGreatAgain
MakeAmericaGreatAgain;SuperTuesday
MakeYoutubeGreatAgain;Trump2016
WeAreBernie;WeWantTrump
WeAreBernie;makeamericagreatagain
WeAreBernie;trump
VoteTrumpNV;NevadaCaucus
NevadaCaucus;VoteTrumpNV
Trump2016;TrumpNV
trump2016;ICYMI
Hannity;Trump2016
BikersForTrump;VoteTrumpNV
VoteTrumpNV;Trump2016
ObamaCare;MAKEAMERICAGREATAGAIN
WeWantTrump;makeamericagreatagain
VoteTrumpSC;MakeAmericaGreatAgain
WeWantTrump;trump
makeamericagreatagain;trump
SCPrimary;VoteTrumpSC
SCPrimary;Trump2016
With_Cruz_you_lose;MakeAmericaGreatAgain
With_Cruz_you_lose;trump2016
Colbert;LSSC
TeamTrump;MaitnerStrong
VoteTrumpSC;Trump2016
Trump2016;VoteTrumpSC
Trump;Ford
Trump;Carrier
Trump;Jobs
Trump;Mexico
Ford;Carrier
Ford;Jobs
Ford;Mexico
Carrier;Jobs
Carrier;Mexico
Jobs;Mexico
SCPrimary;MakeAmericaGreatAgain
MakeAmericaGreatAgain;SCPrimary
IACaucus;FITN
VoteTrumpNH;MakeAmericaGreatAgain
FITN;IACaucus
LESM;Trump2016
FoxNews;MakeAmericaGreatAgain
FoxNews;Trump2016
NHPrimary;VoteTrumpNH
Trump2016;RNC
MaryBrigidMcManamon;CommonLaw
MaryBrigidMcManamon;NaturalBorn
GOPDebate;SuperBowlSunday
GOPDebate;SB50
SuperBowlSunday;SB50
MaryBrigidMcManamon;TedCruz
CommonLaw;NaturalBorn
CommonLaw;TedCruz
FITN;NHPrimary
Hannity;MAKEAMERICAGREATAGAIN
NewHampshire;FITN
NewHampshire;VoteTrumpNH
FITN;VoteTrumpNH
VoteTrumpNH;FITN
MakeAmericaGreatAgain;VotersSpeak
Rubio;Bush
NaturalBorn;TedCruz
MaryBrigidMcManamon;Cruz
CaucusForTrump;IACaucus
IACaucus;CaucusForTrump
TedCruz;LaurenceTribe
IACaucus;GOPDebate
GOPDebate;MakeAmericaGreatAgain
MakeAmericaGreatAgain;GOPDebate
MichaelMoore;FoxNews
MichaelMoore;ROGERAILES
FoxNews;ROGERAILES
DavidCameron;WH
MakeAmericaGreatAgain;FITN
FITN;MakeAmericaGreatAgain
MakeAmericaGreatAgain;IACaucus
IACaucus;MakeAmericaGreatAgain
FITN;NHPolitics
NHPolitics;Trump2016
Trump2016;NHPolitics
Trump2016;ECONOMY
MakeAmericaGreatAgain;ECONOMY
CBNNews;2016
VoteTrump;IowaCaucus
VoteTrump;IACaucus
VoteTrump;FITN
VoteTrump;IAPolitics
Trump2016;IACaucus
IACaucus;Trump2016
